{
 "gecode": {
  "time": 3,
  "optimal": true,
  "obj": 226,
  "sol": [
   [
    8,
    6,
    9
   ],
   [
    7,
    5
   ],
   [
    3
   ],
   [
    4
   ],
   [
    1
   ],
   [
    2
   ]
  ],
  "runtime": "0:00:00.441000",
  "initTime": "0:00:00.026970",
  "solveTime": "0:00:02.895270",
  "variables": 1075,
  "propagators": 1145,
  "propagations": 26093841,
  "nodes": 100410,
  "failures": 49354,
  "restarts": 262,
  "peakDepth": 71,
  "nSolutions": 6
 }
}