{
 "gecode": {
  "time": 2,
  "optimal": true,
  "obj": 226,
  "sol": [
   [
    3,
    2
   ],
   [],
   [
    9
   ],
   [
    4,
    1
   ],
   [
    7,
    5
   ],
   [
    8,
    6
   ]
  ],
  "runtime": "0:00:00.261000",
  "initTime": "0:00:00.039802",
  "solveTime": "0:00:02.012540",
  "solutions": 20,
  "variables": 1084,
  "propagators": 1163,
  "propagations": 16923168,
  "nodes": 103639,
  "failures": 51497,
  "restarts": 0,
  "peakDepth": 91,
  "nSolutions": 20
 }
}