{
 "gecode": {
  "time": 48,
  "optimal": true,
  "obj": 226,
  "sol": [
   [],
   [],
   [
    3,
    5,
    7
   ],
   [
    9,
    6,
    8
   ],
   [
    4,
    1
   ],
   [
    2
   ]
  ],
  "runtime": "0:00:00.507000",
  "initTime": "0:00:00.047538",
  "solveTime": "0:00:47.547100",
  "solutions": 10,
  "variables": 1084,
  "propagators": 1163,
  "propagations": 240828385,
  "nodes": 1095248,
  "failures": 540791,
  "restarts": 2058,
  "peakDepth": 73,
  "nSolutions": 10
 }
}