{
 "gecode": {
  "time": 4,
  "optimal": true,
  "obj": 226,
  "sol": [
   [
    3,
    2
   ],
   [],
   [
    9
   ],
   [
    4,
    1
   ],
   [
    7,
    5
   ],
   [
    8,
    6
   ]
  ],
  "runtime": "0:00:00.322000",
  "initTime": "0:00:00.035036",
  "solveTime": "0:00:03.715460",
  "solutions": 23,
  "variables": 1084,
  "propagators": 1163,
  "propagations": 33053825,
  "nodes": 224349,
  "failures": 111801,
  "restarts": 0,
  "peakDepth": 89,
  "nSolutions": 23
 }
}