{
 "gecode": {
  "time": 300,
  "optimal": "False",
  "obj": 167,
  "sol": [
   [
    17,
    2,
    9
   ],
   [
    5,
    11,
    12
   ],
   [
    4,
    14
   ],
   [
    1,
    7,
    13
   ],
   [
    8,
    10,
    16,
    6,
    15
   ],
   [
    3
   ]
  ],
  "runtime": "0:04:59.887000",
  "initTime": "0:00:00.120000",
  "solveTime": "0:04:59.767000",
  "variables": 52218,
  "propagators": 1851,
  "propagations": 570296722,
  "nodes": 933191,
  "failures": 835630,
  "restarts": 74,
  "peakDepth": 115,
  "nSolutions": 74
 }
}