{
 "gecode": {
  "restart": 200,
  "time": 300,
  "optimal": false,
  "obj": 766,
  "sol": [
   [
    30,
    38,
    12,
    47,
    31,
    10,
    37,
    34,
    9,
    35,
    39,
    33,
    20,
    16,
    29,
    8,
    32,
    41,
    36
   ],
   [
    23,
    18,
    25,
    15,
    24,
    2,
    26,
    5,
    28,
    4,
    22,
    3,
    27,
    6,
    21,
    44
   ],
   [
    7,
    14,
    1,
    13,
    17,
    40,
    43,
    46,
    42,
    19,
    45,
    11
   ]
  ],
  "runtime": "0:04:51.954000",
  "initTime": "0:00:00.022974",
  "solveTime": "0:04:59.754000",
  "variables": 2362,
  "propagators": 2437,
  "propagations": 967798553,
  "nodes": 2325143,
  "failures": 1148079,
  "restarts": 1237,
  "peakDepth": 300,
  "nSolutions": 86
 }
}