{
 "gecode": {
  "restart": 500,
  "time": 300,
  "optimal": false,
  "obj": 822,
  "sol": [
   [
    23,
    30,
    39,
    25,
    15,
    26,
    16,
    27,
    31,
    32,
    44,
    28,
    14,
    24,
    43,
    21,
    38,
    12,
    47,
    22,
    7
   ],
   [
    18,
    37,
    34,
    11,
    13,
    17,
    20,
    8,
    29,
    5,
    33,
    4,
    36,
    41
   ],
   [
    2,
    19,
    1,
    42,
    10,
    45,
    6,
    3,
    46,
    40,
    9,
    35
   ]
  ],
  "runtime": "0:05:00.017000",
  "initTime": "0:00:00.018791",
  "solveTime": "0:04:59.805000",
  "variables": 2362,
  "propagators": 2437,
  "propagations": 1066367589,
  "nodes": 2807243,
  "failures": 1394088,
  "restarts": 717,
  "peakDepth": 295,
  "nSolutions": 78
 }
}