{
 "gecode": {
  "time": 286,
  "optimal": true,
  "obj": 186,
  "sol": [
   [],
   [],
   [
    10,
    3,
    2
   ],
   [
    8,
    7
   ],
   [
    9
   ],
   [
    6,
    5
   ],
   [
    1
   ],
   [
    4
   ]
  ],
  "runtime": "0:01:25.048000",
  "initTime": "0:00:00.059966",
  "solveTime": "0:04:46.464000",
  "solutions": 18,
  "variables": 1575,
  "propagators": 1680,
  "propagations": 1932540077,
  "nodes": 12086972,
  "failures": 6043025,
  "restarts": 0,
  "peakDepth": 136,
  "nSolutions": 18
 }
}