{
 "gecode": {
  "time": 63,
  "optimal": true,
  "obj": 186,
  "sol": [
   [],
   [],
   [
    10,
    3,
    2
   ],
   [
    9,
    7
   ],
   [
    6,
    5
   ],
   [
    4
   ],
   [
    8
   ],
   [
    1
   ]
  ],
  "runtime": "0:00:23.746000",
  "initTime": "0:00:00.049458",
  "solveTime": "0:01:02.522500",
  "solutions": 21,
  "variables": 1575,
  "propagators": 1680,
  "propagations": 436037962,
  "nodes": 2481447,
  "failures": 1240181,
  "restarts": 0,
  "peakDepth": 145,
  "nSolutions": 21
 }
}