{
 "gecode": {
  "time": 21,
  "optimal": true,
  "obj": 186,
  "sol": [
   [
    10,
    6
   ],
   [
    9
   ],
   [
    3,
    5
   ],
   [],
   [
    2
   ],
   [
    4
   ],
   [
    1
   ],
   [
    8,
    7
   ]
  ],
  "runtime": "0:00:00.371000",
  "initTime": "0:00:00.053528",
  "solveTime": "0:00:21.335100",
  "solutions": 10,
  "variables": 1575,
  "propagators": 1680,
  "propagations": 137536022,
  "nodes": 737203,
  "failures": 368348,
  "restarts": 0,
  "peakDepth": 145,
  "nSolutions": 10
 }
}