{
 "gecode": {
  "time": 300,
  "optimal": "False",
  "obj": 186,
  "sol": [
   [],
   [
    3
   ],
   [
    7,
    9
   ],
   [
    4,
    5
   ],
   [
    10,
    6
   ],
   [
    1
   ],
   [
    8
   ],
   [
    2
   ]
  ],
  "runtime": "0:00:00.615000",
  "initTime": "0:00:00.053652",
  "solveTime": "0:04:59.742000",
  "solutions": 10,
  "variables": 1575,
  "propagators": 1680,
  "propagations": 1567484755,
  "nodes": 7061160,
  "failures": 3471679,
  "restarts": 11272,
  "peakDepth": 110,
  "nSolutions": 10
 }
}