{
 "gecode": {
  "time": 45,
  "optimal": true,
  "obj": 186,
  "sol": [
   [],
   [],
   [
    9
   ],
   [
    3,
    5,
    10
   ],
   [
    8
   ],
   [
    6
   ],
   [
    1
   ],
   [
    7,
    2,
    4
   ]
  ],
  "runtime": "0:00:03.291000",
  "initTime": "0:00:00.051860",
  "solveTime": "0:00:44.937500",
  "solutions": 32,
  "variables": 1575,
  "propagators": 1680,
  "propagations": 411372276,
  "nodes": 1601466,
  "failures": 799878,
  "restarts": 0,
  "peakDepth": 146,
  "nSolutions": 32
 }
}