{
 "gecode": {
  "time": 96,
  "optimal": true,
  "obj": 186,
  "sol": [
   [
    3,
    5
   ],
   [
    9
   ],
   [
    10,
    6
   ],
   [
    8,
    7
   ],
   [
    2
   ],
   [
    1
   ],
   [],
   [
    4
   ]
  ],
  "runtime": "0:00:00.531000",
  "initTime": "0:00:00.040959",
  "solveTime": "0:01:36.164400",
  "variables": 1573,
  "propagators": 1688,
  "propagations": 684707714,
  "nodes": 2277944,
  "failures": 1123863,
  "restarts": 4101,
  "peakDepth": 112,
  "nSolutions": 6
 }
}