{
 "gecode": {
  "time": 14,
  "optimal": true,
  "obj": 167,
  "sol": [
   [
    13,
    7,
    3,
    8,
    6
   ],
   [
    12,
    5,
    11
   ],
   [
    4,
    14
   ],
   [
    15,
    1
   ],
   [
    17,
    16,
    10,
    9
   ],
   [
    2
   ]
  ],
  "runtime": "0:00:14.231000",
  "initTime": "0:00:00.069214",
  "solveTime": "0:00:13.863400",
  "variables": 2079,
  "propagators": 2155,
  "propagations": 41310258,
  "nodes": 280729,
  "failures": 125702,
  "restarts": 812,
  "peakDepth": 397,
  "nSolutions": 48
 }
}