{
 "gecode": {
  "time": 300,
  "optimal": "False",
  "obj": 183,
  "sol": [
   [],
   [
    9,
    7
   ],
   [
    15,
    6,
    8,
    17,
    5,
    13
   ],
   [
    16,
    3
   ],
   [
    12,
    11,
    1,
    2
   ],
   [
    4,
    14,
    10
   ]
  ],
  "runtime": "0:00:08.033000",
  "initTime": "0:00:00.051218",
  "solveTime": "0:04:59.825000",
  "variables": 2079,
  "propagators": 2155,
  "propagations": 3929666,
  "nodes": 104011,
  "failures": 59178,
  "restarts": 1744615,
  "peakDepth": 397,
  "nSolutions": 42
 }
}