{
 "gecode": {
  "restart": 1500,
  "time": 300,
  "optimal": false,
  "obj": 1190,
  "sol": [
   [
    23,
    36,
    29,
    1,
    21,
    12,
    15,
    22,
    14,
    28,
    4,
    25,
    24,
    47,
    26,
    16,
    18,
    20,
    33,
    27,
    31
   ],
   [
    9,
    38,
    40,
    34,
    45,
    10,
    13,
    5,
    32,
    41,
    37,
    17,
    30,
    7,
    19
   ],
   [
    8,
    35,
    3,
    43,
    2,
    39,
    46,
    11,
    44,
    6,
    42
   ]
  ],
  "runtime": "0:00:04.799000",
  "initTime": "0:00:00.025648",
  "solveTime": "0:04:59.730000",
  "variables": 2362,
  "propagators": 2437,
  "propagations": 857006504,
  "nodes": 1870882,
  "failures": 931550,
  "restarts": 227,
  "peakDepth": 215,
  "nSolutions": 36
 }
}