{
 "gecode": {
  "restart": 30,
  "time": 300,
  "optimal": false,
  "obj": 772,
  "sol": [
   [
    23,
    2,
    25,
    15,
    26,
    16,
    1,
    29,
    18,
    24,
    47,
    21,
    12,
    20,
    14,
    28,
    36,
    22,
    10,
    27,
    31
   ],
   [
    6,
    45,
    46,
    42,
    39,
    43,
    17,
    5,
    8,
    13,
    40,
    41
   ],
   [
    19,
    4,
    33,
    7,
    11,
    38,
    30,
    9,
    37,
    34,
    3,
    32,
    44,
    35
   ]
  ],
  "runtime": "0:04:59.429000",
  "initTime": "0:00:00.018316",
  "solveTime": "0:04:59.778000",
  "variables": 2362,
  "propagators": 2437,
  "propagations": 980936162,
  "nodes": 2397376,
  "failures": 1148646,
  "restarts": 6642,
  "peakDepth": 304,
  "nSolutions": 98
 }
}