{
 "gecode": {
  "time": 300,
  "optimal": "False",
  "obj": 436,
  "sol": [
   [
    12,
    3,
    9,
    2,
    7,
    5,
    10
   ],
   [],
   [],
   [],
   [],
   [
    1,
    11
   ],
   [
    6
   ],
   [
    13
   ],
   [
    8
   ],
   [
    4
   ]
  ],
  "runtime": "0:04:59.880000",
  "initTime": "0:00:00.114000",
  "solveTime": "0:04:59.766000",
  "variables": 102473,
  "propagators": 2414,
  "propagations": 422288734,
  "nodes": 741511,
  "failures": 520233,
  "restarts": 4516,
  "peakDepth": 256,
  "nSolutions": 40
 }
}