{
 "gecode": {
  "restart": 900,
  "time": 300,
  "optimal": false,
  "obj": 1142,
  "sol": [
   [
    23,
    36,
    24,
    15,
    19,
    4,
    20,
    33,
    29,
    1,
    18,
    21,
    12,
    30,
    2,
    26,
    16,
    28,
    14,
    22,
    31,
    44,
    11,
    27
   ],
   [
    8,
    40,
    47,
    9,
    13,
    17,
    34,
    6,
    38,
    42,
    37,
    7,
    25
   ],
   [
    43,
    46,
    10,
    39,
    5,
    45,
    41,
    32,
    3,
    35
   ]
  ],
  "runtime": "0:00:03.373000",
  "initTime": "0:00:00.023082",
  "solveTime": "0:04:59.758000",
  "variables": 2362,
  "propagators": 2437,
  "propagations": 871843186,
  "nodes": 1995604,
  "failures": 993687,
  "restarts": 316,
  "peakDepth": 166,
  "nSolutions": 29
 }
}