{
 "gecode": {
  "restart": 150,
  "time": 300,
  "optimal": false,
  "obj": 770,
  "sol": [
   [
    23,
    15,
    26,
    36,
    21,
    12,
    24,
    39,
    30,
    47,
    18,
    29,
    1,
    28,
    14,
    20,
    16,
    22,
    10,
    27
   ],
   [
    17,
    13,
    8,
    5,
    35,
    3,
    6,
    46,
    42,
    38,
    40,
    43,
    44
   ],
   [
    25,
    2,
    11,
    19,
    4,
    37,
    7,
    31,
    41,
    33,
    9,
    34,
    45,
    32
   ]
  ],
  "runtime": "0:04:48.713000",
  "initTime": "0:00:00.022488",
  "solveTime": "0:04:59.735000",
  "variables": 2362,
  "propagators": 2437,
  "propagations": 1083492099,
  "nodes": 2752904,
  "failures": 1354339,
  "restarts": 1939,
  "peakDepth": 326,
  "nSolutions": 111
 }
}