{
 "gecode": {
  "restart": 2200,
  "time": 300,
  "optimal": false,
  "obj": 1166,
  "sol": [
   [
    23,
    2,
    26,
    15,
    24,
    38,
    18,
    25,
    44,
    29,
    1,
    28,
    4,
    22,
    11,
    21,
    12,
    30,
    39,
    20,
    33,
    27,
    7
   ],
   [
    8,
    31,
    5,
    17,
    9,
    14,
    6,
    37,
    16,
    43,
    32,
    35,
    36,
    34
   ],
   [
    3,
    42,
    47,
    13,
    40,
    46,
    41,
    19,
    10,
    45
   ]
  ],
  "runtime": "0:04:47.267000",
  "initTime": "0:00:00.024134",
  "solveTime": "0:04:59.718000",
  "variables": 2362,
  "propagators": 2437,
  "propagations": 1016259533,
  "nodes": 3782139,
  "failures": 1886355,
  "restarts": 282,
  "peakDepth": 294,
  "nSolutions": 41
 }
}