{
 "gecode": {
  "restart": 25,
  "time": 300,
  "optimal": false,
  "obj": 784,
  "sol": [
   [
    23,
    2,
    30,
    43,
    21,
    47,
    25,
    15,
    24,
    16,
    28,
    26,
    18,
    20,
    1,
    22,
    10,
    27,
    31
   ],
   [
    37,
    34,
    38,
    29,
    14,
    19,
    4,
    33,
    13,
    8,
    32,
    44,
    36,
    41,
    35
   ],
   [
    5,
    40,
    12,
    17,
    9,
    39,
    46,
    42,
    11,
    6,
    3,
    45,
    7
   ]
  ],
  "runtime": "0:04:56.947000",
  "initTime": "0:00:00.018494",
  "solveTime": "0:04:59.777000",
  "variables": 2362,
  "propagators": 2437,
  "propagations": 1021697267,
  "nodes": 2338361,
  "failures": 1113660,
  "restarts": 7769,
  "peakDepth": 316,
  "nSolutions": 92
 }
}