{
 "gecode": {
  "time": 300,
  "optimal": "False",
  "obj": 244,
  "sol": [
   [
    5,
    1,
    11,
    10
   ],
   [],
   [],
   [
    3,
    9,
    6
   ],
   [
    12
   ],
   [
    7
   ],
   [
    8
   ],
   [
    2
   ],
   [],
   [
    13,
    4
   ]
  ],
  "runtime": "0:00:01.556000",
  "initTime": "0:00:00.020062",
  "solveTime": "0:04:59.763000",
  "solutions": 15,
  "variables": 2456,
  "propagators": 2606,
  "propagations": 2141694648,
  "nodes": 8746003,
  "failures": 4372297,
  "restarts": 0,
  "peakDepth": 205,
  "nSolutions": 15
 }
}