{
 "gecode": {
  "time": 6,
  "optimal": true,
  "obj": 244,
  "sol": [
   [
    12
   ],
   [
    9
   ],
   [
    10,
    5
   ],
   [
    13
   ],
   [
    2,
    8
   ],
   [
    4,
    7
   ],
   [
    1
   ],
   [
    11
   ],
   [
    6
   ],
   [
    3
   ]
  ],
  "runtime": "0:00:06.359000",
  "initTime": "0:00:00.021732",
  "solveTime": "0:00:06.048700",
  "variables": 2431,
  "propagators": 2556,
  "propagations": 42270854,
  "nodes": 104560,
  "failures": 51187,
  "restarts": 256,
  "peakDepth": 175,
  "nSolutions": 1
 }
}