{
 "gecode": {
  "time": 300,
  "optimal": "False",
  "obj": 244,
  "sol": [
   [],
   [
    11,
    4,
    13,
    10
   ],
   [],
   [],
   [
    7,
    9,
    6
   ],
   [
    5,
    3
   ],
   [
    1,
    8
   ],
   [
    12
   ],
   [],
   [
    2
   ]
  ],
  "runtime": "0:00:04.527000",
  "initTime": "0:00:00.021418",
  "solveTime": "0:04:59.762000",
  "solutions": 12,
  "variables": 2456,
  "propagators": 2606,
  "propagations": 2163810459,
  "nodes": 8056719,
  "failures": 4027821,
  "restarts": 0,
  "peakDepth": 183,
  "nSolutions": 12
 }
}