{
 "gecode": {
  "time": 300,
  "optimal": "False",
  "obj": 244,
  "sol": [
   [],
   [],
   [],
   [],
   [
    10,
    13,
    11
   ],
   [
    6,
    9
   ],
   [
    2,
    8
   ],
   [
    12
   ],
   [
    1,
    5
   ],
   [
    3,
    4,
    7
   ]
  ],
  "runtime": "0:00:21.392000",
  "initTime": "0:00:00.017167",
  "solveTime": "0:04:59.797000",
  "solutions": 5,
  "variables": 2456,
  "propagators": 2606,
  "propagations": 2540138539,
  "nodes": 8637337,
  "failures": 4318391,
  "restarts": 0,
  "peakDepth": 207,
  "nSolutions": 5
 }
}