{
 "gecode": {
  "time": 300,
  "optimal": "False",
  "obj": 244,
  "sol": [
   [
    12
   ],
   [
    9
   ],
   [
    10,
    5
   ],
   [
    13
   ],
   [
    2,
    8
   ],
   [
    4,
    7
   ],
   [
    1
   ],
   [
    11
   ],
   [
    6
   ],
   [
    3
   ]
  ],
  "runtime": "0:00:05.764000",
  "initTime": "0:00:00.017894",
  "solveTime": "0:04:59.796000",
  "variables": 2431,
  "propagators": 2556,
  "propagations": 2066560123,
  "nodes": 5664533,
  "failures": 2794262,
  "restarts": 8723,
  "peakDepth": 175,
  "nSolutions": 1
 }
}