{
 "gecode": {
  "time": 300,
  "optimal": "False",
  "obj": 244,
  "sol": [
   [
    5,
    2,
    1,
    4,
    10
   ],
   [],
   [],
   [
    9
   ],
   [
    12
   ],
   [
    13,
    11
   ],
   [
    8
   ],
   [
    3
   ],
   [
    7
   ],
   [
    6
   ]
  ],
  "runtime": "0:00:00.419000",
  "initTime": "0:00:00.019009",
  "solveTime": "0:04:59.784000",
  "solutions": 22,
  "variables": 2456,
  "propagators": 2606,
  "propagations": 1461141750,
  "nodes": 9419966,
  "failures": 4709017,
  "restarts": 0,
  "peakDepth": 204,
  "nSolutions": 22
 }
}