{
 "gecode": {
  "restart": 2100,
  "time": 300,
  "optimal": false,
  "obj": 898,
  "sol": [
   [
    23,
    15,
    26,
    36,
    22,
    11,
    28,
    14,
    27,
    34,
    10,
    21,
    47,
    24,
    12,
    20,
    4,
    25,
    31
   ],
   [
    29,
    41,
    33,
    5,
    18,
    40,
    35,
    9,
    19,
    7,
    37,
    44,
    2,
    30,
    39,
    32
   ],
   [
    46,
    42,
    3,
    6,
    45,
    13,
    8,
    1,
    17,
    38,
    43,
    16
   ]
  ],
  "runtime": "0:04:52.696000",
  "initTime": "0:00:00.023488",
  "solveTime": "0:04:59.740000",
  "variables": 2362,
  "propagators": 2437,
  "propagations": 1209504864,
  "nodes": 2983158,
  "failures": 1484053,
  "restarts": 296,
  "peakDepth": 342,
  "nSolutions": 84
 }
}