{
 "gecode": {
  "restart": 1800,
  "time": 300,
  "optimal": false,
  "obj": 1020,
  "sol": [
   [
    23,
    36,
    22,
    3,
    28,
    4,
    20,
    5,
    29,
    1,
    27,
    6,
    30,
    2,
    21,
    12,
    26,
    18,
    25,
    15,
    24,
    32,
    31
   ],
   [
    10,
    11,
    45,
    40,
    41,
    44,
    42,
    47,
    16,
    46,
    17,
    14
   ],
   [
    9,
    34,
    19,
    13,
    38,
    43,
    39,
    8,
    37,
    7,
    33,
    35
   ]
  ],
  "runtime": "0:04:04.250000",
  "initTime": "0:00:00.027942",
  "solveTime": "0:04:59.688000",
  "variables": 2362,
  "propagators": 2437,
  "propagations": 1263966168,
  "nodes": 3153732,
  "failures": 1570683,
  "restarts": 315,
  "peakDepth": 340,
  "nSolutions": 61
 }
}