{
 "gecode": {
  "time": 300,
  "optimal": "False",
  "obj": 244,
  "sol": [
   [
    1,
    7,
    11,
    2,
    5
   ],
   [
    10,
    13
   ],
   [],
   [
    12
   ],
   [
    9
   ],
   [
    8
   ],
   [
    6
   ],
   [
    4
   ],
   [],
   [
    3
   ]
  ],
  "runtime": "0:04:59.885000",
  "initTime": "0:00:00.133000",
  "solveTime": "0:04:59.752000",
  "variables": 72996,
  "propagators": 2481,
  "propagations": 519872203,
  "nodes": 697446,
  "failures": 513180,
  "restarts": 4407,
  "peakDepth": 253,
  "nSolutions": 28
 }
}