{
 "gecode": {
  "restart": 2000,
  "time": 300,
  "optimal": false,
  "obj": 896,
  "sol": [
   [
    23,
    15,
    24,
    47,
    20,
    33,
    21,
    30,
    2,
    25,
    18,
    22,
    36,
    26,
    16,
    28,
    27,
    31
   ],
   [
    17,
    40,
    29,
    8,
    13,
    32,
    35,
    9,
    34,
    37,
    7,
    14,
    5,
    19,
    41
   ],
   [
    44,
    10,
    45,
    6,
    38,
    4,
    1,
    42,
    46,
    12,
    43,
    11,
    3,
    39
   ]
  ],
  "runtime": "0:04:32.235000",
  "initTime": "0:00:00.020531",
  "solveTime": "0:04:59.773000",
  "variables": 2362,
  "propagators": 2437,
  "propagations": 1224259324,
  "nodes": 3293862,
  "failures": 1639514,
  "restarts": 331,
  "peakDepth": 333,
  "nSolutions": 79
 }
}