{
 "gecode": {
  "time": 300,
  "optimal": "False",
  "obj": 722,
  "sol": [
   [
    23,
    15,
    25,
    18,
    24,
    12,
    21,
    47,
    20,
    1,
    28,
    14,
    29,
    16,
    26,
    36,
    22,
    11,
    10,
    27,
    31
   ],
   [
    32,
    44,
    41,
    7,
    42,
    46,
    43,
    35,
    9,
    19,
    4,
    33,
    8,
    17
   ],
   [
    30,
    2,
    3,
    6,
    38,
    40,
    13,
    5,
    39,
    34,
    45,
    37
   ]
  ],
  "runtime": "0:03:39.880000",
  "initTime": "0:00:00.028278",
  "solveTime": "0:04:59.668000",
  "variables": 2362,
  "propagators": 2437,
  "propagations": 1059997234,
  "nodes": 2534852,
  "failures": 1232764,
  "restarts": 4215,
  "peakDepth": 326,
  "nSolutions": 119
 }
}