{
 "gecode": {
  "time": 300,
  "optimal": "False",
  "obj": 1436,
  "sol": [
   [
    42,
    45,
    43,
    40
   ],
   [],
   [
    33,
    30,
    27,
    24,
    22,
    20,
    21,
    34,
    32,
    29,
    2
   ],
   [],
   [
    47
   ],
   [
    18,
    17,
    16,
    15,
    14,
    13,
    12,
    11,
    10,
    9,
    8,
    7,
    6,
    5,
    1,
    3
   ],
   [
    39
   ],
   [
    46
   ],
   [
    38
   ],
   [
    41,
    44
   ],
   [
    37
   ],
   [
    31
   ],
   [
    35
   ],
   [],
   [
    36
   ],
   [
    28
   ],
   [
    25
   ],
   [
    4,
    19
   ],
   [
    26
   ],
   [
    23
   ]
  ],
  "runtime": "0:02:02.510000",
  "initTime": "0:00:00.147361",
  "solveTime": "0:04:59.103000",
  "variables": 17806,
  "propagators": 18247,
  "propagations": 260610172,
  "nodes": 558322,
  "failures": 148660,
  "restarts": 428,
  "peakDepth": 3310,
  "nSolutions": 2
 }
}