{
 "gecode": {
  "time": 300,
  "optimal": "False",
  "obj": 1286,
  "sol": [
   [
    7,
    21,
    39,
    9,
    20,
    8,
    28,
    4,
    26,
    1,
    24,
    2,
    25,
    5,
    22,
    10,
    30,
    6,
    27,
    3,
    23,
    31
   ],
   [
    14,
    36,
    13,
    34,
    19,
    17,
    32,
    18,
    38,
    12,
    35,
    15,
    33,
    16,
    37
   ],
   [
    11,
    43,
    40,
    44,
    46,
    29,
    42,
    41,
    45,
    47
   ]
  ],
  "runtime": "0:04:59.936000",
  "initTime": "0:00:00.187000",
  "solveTime": "0:04:59.749000",
  "variables": 169322,
  "propagators": 2223,
  "propagations": 791162176,
  "nodes": 1277903,
  "failures": 1044020,
  "restarts": 8270,
  "peakDepth": 147,
  "nSolutions": 80
 }
}