{
 "gecode": {
  "runtime": 300,
  "optimal": "False",
  "obj": 220,
  "sol": "[[11], [11], [11], [11], [10, 8, 9], [7], [3, 5, 6], [1, 2, 4]]",
  "time": "0:00:06.006000",
  "initTime": "0:00:00.026815",
  "solveTime": "0:04:59.560000",
  "solutions": 27,
  "variables": 1561,
  "propagators": 1640,
  "propagations": 1637669108,
  "nodes": 12689447,
  "failures": 6343985,
  "restarts": 0,
  "peakDepth": 142,
  "nSolutions": 27
 }
}