{
 "gecode": {
  "runtime": 16,
  "optimal": true,
  "obj": 322,
  "sol": "[[9], [9], [8], [9], [5, 7], [6, 3, 4, 1, 2]]",
  "time": "0:00:00.466000",
  "initTime": "0:00:00.018680",
  "solveTime": "0:00:15.244900",
  "solutions": 8,
  "variables": 979,
  "propagators": 1039,
  "propagations": 100368357,
  "nodes": 756339,
  "failures": 378044,
  "restarts": 0,
  "peakDepth": 82,
  "nSolutions": 8
 }
}