{
 "gecode": {
  "time": 102,
  "optimal": true,
  "obj": 436,
  "sol": [
   [
    4,
    9,
    6
   ],
   [
    12
   ],
   [
    10
   ],
   [
    7
   ],
   [
    11
   ],
   [
    3
   ],
   [
    13,
    8
   ],
   [
    2
   ],
   [
    1
   ],
   [
    5
   ]
  ],
  "runtime": "0:01:41.951000",
  "initTime": "0:00:00.020441",
  "solveTime": "0:01:41.667000",
  "variables": 2431,
  "propagators": 2549,
  "propagations": 783798321,
  "nodes": 1670731,
  "failures": 821242,
  "restarts": 3073,
  "peakDepth": 178,
  "nSolutions": 3
 }
}