{
 "gecode": {
  "time": 1,
  "optimal": true,
  "obj": 436,
  "sol": [
   [],
   [
    6,
    1,
    11,
    4,
    9,
    2,
    12,
    3
   ],
   [],
   [],
   [],
   [
    7
   ],
   [
    10
   ],
   [
    13
   ],
   [
    8
   ],
   [
    5
   ]
  ],
  "runtime": "0:00:00.936000",
  "initTime": "0:00:00.025473",
  "solveTime": "0:00:00.584903",
  "variables": 2733,
  "propagators": 2851,
  "propagations": 2576084,
  "nodes": 12354,
  "failures": 3752,
  "restarts": 56,
  "peakDepth": 428,
  "nSolutions": 10
 }
}