{
 "gecode": {
  "time": 284,
  "optimal": true,
  "obj": 220,
  "sol": [
   [],
   [],
   [],
   [
    2,
    6,
    3,
    5
   ],
   [
    9,
    7,
    4
   ],
   [
    10
   ],
   [
    1
   ],
   [
    8
   ]
  ],
  "runtime": "0:00:00.349000",
  "initTime": "0:00:00.058184",
  "solveTime": "0:04:44.347000",
  "solutions": 20,
  "variables": 1577,
  "propagators": 1688,
  "propagations": 2489729225,
  "nodes": 11798209,
  "failures": 5898581,
  "restarts": 0,
  "peakDepth": 132,
  "nSolutions": 20
 }
}