{
 "gecode": {
  "time": 1,
  "optimal": true,
  "obj": 220,
  "sol": [
   [
    9,
    10
   ],
   [
    7
   ],
   [
    8
   ],
   [
    3
   ],
   [
    4
   ],
   [
    2,
    6
   ],
   [
    5
   ],
   [
    1
   ]
  ],
  "runtime": "0:00:01.230000",
  "initTime": "0:00:00.048429",
  "solveTime": "0:00:00.967263",
  "variables": 1577,
  "propagators": 1704,
  "propagations": 8876658,
  "nodes": 20133,
  "failures": 9832,
  "restarts": 67,
  "peakDepth": 81,
  "nSolutions": 1
 }
}