{
 "gecode": {
  "time": 52,
  "optimal": true,
  "obj": 220,
  "sol": [
   [
    9,
    10
   ],
   [
    7
   ],
   [
    8
   ],
   [
    3
   ],
   [
    4
   ],
   [
    2,
    6
   ],
   [
    5
   ],
   [
    1
   ]
  ],
  "runtime": "0:00:01.219000",
  "initTime": "0:00:00.047351",
  "solveTime": "0:00:52.268200",
  "variables": 1577,
  "propagators": 1704,
  "propagations": 489732527,
  "nodes": 1122991,
  "failures": 554993,
  "restarts": 2049,
  "peakDepth": 81,
  "nSolutions": 1
 }
}