{
 "gecode": {
  "time": 290,
  "optimal": true,
  "obj": 220,
  "sol": [
   [
    4,
    7,
    10
   ],
   [
    8,
    9
   ],
   [],
   [],
   [
    3
   ],
   [
    2,
    6
   ],
   [
    5
   ],
   [
    1
   ]
  ],
  "runtime": "0:00:00.359000",
  "initTime": "0:00:00.047997",
  "solveTime": "0:04:49.451000",
  "solutions": 13,
  "variables": 1577,
  "propagators": 1688,
  "propagations": 1914387569,
  "nodes": 8210623,
  "failures": 4104962,
  "restarts": 0,
  "peakDepth": 111,
  "nSolutions": 13
 }
}