{
 "gecode": {
  "time": 300,
  "optimal": "False",
  "obj": 220,
  "sol": [
   [
    10,
    5,
    6
   ],
   [
    8,
    9
   ],
   [],
   [],
   [
    3
   ],
   [
    2,
    7
   ],
   [
    4
   ],
   [
    1
   ]
  ],
  "runtime": "0:00:00.458000",
  "initTime": "0:00:00.062716",
  "solveTime": "0:04:59.716000",
  "solutions": 8,
  "variables": 1577,
  "propagators": 1688,
  "propagations": 1709727444,
  "nodes": 5835771,
  "failures": 2870653,
  "restarts": 9163,
  "peakDepth": 100,
  "nSolutions": 8
 }
}