{
 "gecode": {
  "time": 230,
  "optimal": true,
  "obj": 220,
  "sol": [
   [
    4,
    7,
    10
   ],
   [
    8,
    9
   ],
   [],
   [],
   [
    3
   ],
   [
    2,
    6
   ],
   [
    5
   ],
   [
    1
   ]
  ],
  "runtime": "0:00:00.271000",
  "initTime": "0:00:00.037402",
  "solveTime": "0:03:49.829000",
  "solutions": 13,
  "variables": 1577,
  "propagators": 1688,
  "propagations": 1914387569,
  "nodes": 8210623,
  "failures": 4104962,
  "restarts": 0,
  "peakDepth": 111,
  "nSolutions": 13
 }
}