{
 "gecode": {
  "restart": 35,
  "time": 300,
  "optimal": false,
  "obj": 768,
  "sol": [
   [
    24,
    47,
    21,
    38,
    15,
    23,
    18,
    29,
    20,
    16,
    26,
    36,
    28,
    14,
    30,
    12,
    22,
    10,
    27,
    31
   ],
   [
    41,
    32,
    2,
    25,
    5,
    19,
    13,
    33,
    8,
    17,
    40,
    34,
    35,
    9,
    44
   ],
   [
    1,
    4,
    43,
    11,
    6,
    42,
    7,
    45,
    3,
    39,
    46,
    37
   ]
  ],
  "runtime": "0:04:14.553000",
  "initTime": "0:00:00.021110",
  "solveTime": "0:04:59.783000",
  "variables": 2362,
  "propagators": 2437,
  "propagations": 983179303,
  "nodes": 2435205,
  "failures": 1186640,
  "restarts": 6035,
  "peakDepth": 291,
  "nSolutions": 80
 }
}