{
 "gecode": {
  "runtime": 300,
  "optimal": "False",
  "obj": 437,
  "sol": "[[14], [14], [14], [14], [14], [14], [14], [14], [4, 8, 13], [2, 10, 6, 7, 5, 9, 11, 1, 3, 12]]",
  "time": "0:00:39.676000",
  "initTime": "0:00:00.059405",
  "solveTime": "0:04:59.773000",
  "solutions": 92,
  "variables": 2431,
  "propagators": 2524,
  "propagations": 1422866530,
  "nodes": 15020366,
  "failures": 7505820,
  "restarts": 0,
  "peakDepth": 269,
  "nSolutions": 92
 }
}