{
 "gecode": {
  "runtime": 300,
  "optimal": "False",
  "obj": 186,
  "sol": "[[11], [11], [9], [8], [6, 10], [4, 7], [3, 5], [1, 2]]",
  "time": "0:01:43.229000",
  "initTime": "0:00:00.044115",
  "solveTime": "0:04:59.788000",
  "solutions": 45,
  "variables": 1561,
  "propagators": 1635,
  "propagations": 2050055926,
  "nodes": 15447361,
  "failures": 7722389,
  "restarts": 0,
  "peakDepth": 165,
  "nSolutions": 45
 }
}