{
 "gecode": {
  "runtime": 24,
  "optimal": true,
  "obj": 322,
  "sol": "[[9], [9], [9], [8], [5, 7], [6, 3, 4, 1, 2]]",
  "time": "0:00:00.519000",
  "initTime": "0:00:00.012738",
  "solveTime": "0:00:24.077400",
  "solutions": 11,
  "variables": 979,
  "propagators": 1039,
  "propagations": 155786606,
  "nodes": 1333729,
  "failures": 666684,
  "restarts": 0,
  "peakDepth": 88,
  "nSolutions": 11
 }
}