{
 "gecode": {
  "runtime": 300,
  "optimal": "False",
  "obj": 220,
  "sol": "[[11], [11], [11], [11], [10, 8, 9], [7], [3, 5, 6], [1, 2, 4]]",
  "time": "0:00:24.594000",
  "initTime": "0:00:00.037113",
  "solveTime": "0:04:59.817000",
  "solutions": 51,
  "variables": 1561,
  "propagators": 1635,
  "propagations": 2039411182,
  "nodes": 17549378,
  "failures": 8773218,
  "restarts": 0,
  "peakDepth": 163,
  "nSolutions": 51
 }
}