{
 "gecode": {
  "runtime": 300,
  "optimal": "False",
  "obj": 328,
  "sol": "[[14], [14], [14], [14], [14], [14], [14], [14], [2, 7, 12, 9, 6, 3], [11, 1, 4, 13, 8, 10, 5]]",
  "time": "0:01:09.397000",
  "initTime": "0:00:00.071713",
  "solveTime": "0:04:59.729000",
  "solutions": 57,
  "variables": 2431,
  "propagators": 2524,
  "propagations": 1103549277,
  "nodes": 11547366,
  "failures": 5770984,
  "restarts": 0,
  "peakDepth": 255,
  "nSolutions": 57
 }
}