{
 "gecode": {
  "runtime": 53,
  "optimal": true,
  "obj": 226,
  "sol": "[[10], [10], [6, 8], [5, 9], [7, 2, 3], [1, 4]]",
  "time": "0:00:02.302000",
  "initTime": "0:00:00.022881",
  "solveTime": "0:00:52.926400",
  "solutions": 47,
  "variables": 1075,
  "propagators": 1132,
  "propagations": 449611172,
  "nodes": 3448526,
  "failures": 1723394,
  "restarts": 0,
  "peakDepth": 109,
  "nSolutions": 47
 }
}