{
 "gecode": {
  "runtime": 300,
  "optimal": "False",
  "obj": 402,
  "sol": "[[18], [18], [18], [18], [11, 12, 13, 14, 15, 16, 17], [10, 4, 1, 2, 5, 7, 3, 8, 6, 9]]",
  "time": "0:01:12.797000",
  "initTime": "0:00:00.057968",
  "solveTime": "0:04:59.713000",
  "solutions": 38,
  "variables": 1843,
  "propagators": 1912,
  "propagations": 1355343682,
  "nodes": 14339905,
  "failures": 7168669,
  "restarts": 0,
  "peakDepth": 192,
  "nSolutions": 38
 }
}