{
 "gecode": {
  "runtime": 175,
  "optimal": true,
  "obj": 322,
  "sol": "[[9], [9], [9], [8], [5, 7], [6, 3, 4, 1, 2]]",
  "time": "0:00:00.449000",
  "initTime": "0:00:00.045337",
  "solveTime": "0:02:54.646000",
  "solutions": 11,
  "variables": 979,
  "propagators": 1035,
  "propagations": 1510302960,
  "nodes": 11922941,
  "failures": 5961290,
  "restarts": 0,
  "peakDepth": 88,
  "nSolutions": 11
 }
}