{
 "gecode": {
  "runtime": 56,
  "optimal": true,
  "obj": 226,
  "sol": "[[10], [10], [6, 8], [5, 9], [7, 2, 3], [1, 4]]",
  "time": "0:00:02.173000",
  "initTime": "0:00:00.037436",
  "solveTime": "0:00:55.640100",
  "solutions": 47,
  "variables": 1075,
  "propagators": 1132,
  "propagations": 449500329,
  "nodes": 3448526,
  "failures": 1723394,
  "restarts": 0,
  "peakDepth": 109,
  "nSolutions": 47
 }
}