{
 "gecode": {
  "runtime": 300,
  "optimal": "False",
  "obj": 220,
  "sol": "[[11], [11], [11], [11], [10, 8, 9], [7], [3, 5, 6], [1, 2, 4]]",
  "time": "0:00:17.677000",
  "initTime": "0:00:00.042285",
  "solveTime": "0:04:59.781000",
  "solutions": 51,
  "variables": 1561,
  "propagators": 1640,
  "propagations": 1758787127,
  "nodes": 15053394,
  "failures": 7525223,
  "restarts": 0,
  "peakDepth": 163,
  "nSolutions": 51
 }
}