{
 "gecode": {
  "runtime": 13,
  "optimal": true,
  "obj": 226,
  "sol": "[[10], [10], [6, 8], [5, 9], [7, 2, 3], [1, 4]]",
  "time": "0:00:02.236000",
  "initTime": "0:00:00.031291",
  "solveTime": "0:00:13.511800",
  "solutions": 47,
  "variables": 1075,
  "propagators": 1136,
  "propagations": 99071732,
  "nodes": 735108,
  "failures": 366685,
  "restarts": 0,
  "peakDepth": 109,
  "nSolutions": 47
 }
}