{
 "gecode": {
  "runtime": 300,
  "optimal": "False",
  "obj": 402,
  "sol": "[[18], [18], [18], [18], [11, 12, 13, 14, 15, 16, 17], [10, 4, 1, 2, 5, 7, 3, 8, 6, 9]]",
  "time": "0:00:57.986000",
  "initTime": "0:00:00.046490",
  "solveTime": "0:04:59.801000",
  "solutions": 38,
  "variables": 1843,
  "propagators": 1908,
  "propagations": 1626703343,
  "nodes": 17173612,
  "failures": 8585521,
  "restarts": 0,
  "peakDepth": 192,
  "nSolutions": 38
 }
}