{
 "gecode": {
  "runtime": 300,
  "optimal": "False",
  "obj": 402,
  "sol": "[[18], [18], [18], [18], [11, 12, 13, 14, 15, 16, 17], [10, 4, 1, 2, 5, 7, 3, 8, 6, 9]]",
  "time": "0:01:11.863000",
  "initTime": "0:00:00.047793",
  "solveTime": "0:04:59.761000",
  "solutions": 38,
  "variables": 1843,
  "propagators": 1908,
  "propagations": 1355348848,
  "nodes": 14327397,
  "failures": 7162414,
  "restarts": 0,
  "peakDepth": 192,
  "nSolutions": 38
 }
}