{
 "gecode": {
  "time": 300,
  "optimal": "False",
  "obj": 436,
  "sol": [
   [],
   [],
   [
    7,
    10,
    12,
    3,
    9
   ],
   [
    6,
    5
   ],
   [],
   [
    11
   ],
   [
    13,
    2
   ],
   [
    4
   ],
   [
    8
   ],
   [
    1
   ]
  ],
  "runtime": "0:00:02.172000",
  "initTime": "0:00:00.022425",
  "solveTime": "0:04:59.736000",
  "solutions": 32,
  "variables": 2450,
  "propagators": 2587,
  "propagations": 1828636277,
  "nodes": 8627168,
  "failures": 4312157,
  "restarts": 0,
  "peakDepth": 206,
  "nSolutions": 32
 }
}