{
 "gecode": {
  "time": 300,
  "optimal": "False",
  "obj": 436,
  "sol": [
   [],
   [],
   [],
   [],
   [],
   [
    13
   ],
   [
    9,
    10,
    11,
    12
   ],
   [
    6,
    7
   ],
   [
    8,
    3
   ],
   [
    4,
    1,
    2,
    5
   ]
  ],
  "runtime": "0:00:01.322000",
  "initTime": "0:00:00.017610",
  "solveTime": "0:04:59.777000",
  "solutions": 8,
  "variables": 2450,
  "propagators": 2587,
  "propagations": 2148597964,
  "nodes": 14753629,
  "failures": 7376414,
  "restarts": 0,
  "peakDepth": 224,
  "nSolutions": 8
 }
}