{
 "gecode": {
  "time": 300,
  "optimal": "False",
  "obj": 436,
  "sol": [
   [],
   [
    10,
    2,
    1,
    4,
    9,
    5,
    7,
    6
   ],
   [],
   [],
   [],
   [
    11
   ],
   [
    13
   ],
   [
    8
   ],
   [
    3
   ],
   [
    12
   ]
  ],
  "runtime": "0:00:00.274000",
  "initTime": "0:00:00.018747",
  "solveTime": "0:04:59.795000",
  "solutions": 14,
  "variables": 2450,
  "propagators": 2587,
  "propagations": 1874827388,
  "nodes": 11425537,
  "failures": 5712121,
  "restarts": 0,
  "peakDepth": 216,
  "nSolutions": 14
 }
}