{
 "gecode": {
  "time": 300,
  "optimal": "False",
  "obj": 436,
  "sol": [
   [
    4,
    9,
    6
   ],
   [
    12
   ],
   [
    10
   ],
   [
    7
   ],
   [
    11
   ],
   [
    3
   ],
   [
    13,
    8
   ],
   [
    2
   ],
   [
    1
   ],
   [
    5
   ]
  ],
  "runtime": "0:01:41.515000",
  "initTime": "0:00:00.026094",
  "solveTime": "0:04:59.746000",
  "variables": 2431,
  "propagators": 2549,
  "propagations": 2367590048,
  "nodes": 4853450,
  "failures": 2390575,
  "restarts": 8194,
  "peakDepth": 178,
  "nSolutions": 3
 }
}