{
 "gecode": {
  "time": 300,
  "optimal": "False",
  "obj": 436,
  "sol": [
   [],
   [
    2,
    1,
    4,
    9,
    5,
    7,
    6,
    10
   ],
   [],
   [],
   [],
   [
    11
   ],
   [
    13
   ],
   [
    8
   ],
   [
    3
   ],
   [
    12
   ]
  ],
  "runtime": "0:00:00.303000",
  "initTime": "0:00:00.020484",
  "solveTime": "0:04:59.772000",
  "solutions": 10,
  "variables": 2450,
  "propagators": 2587,
  "propagations": 1672493624,
  "nodes": 12733556,
  "failures": 6366319,
  "restarts": 0,
  "peakDepth": 217,
  "nSolutions": 10
 }
}