{
 "gecode": {
  "time": 300,
  "optimal": "False",
  "obj": 436,
  "sol": [
   [],
   [],
   [],
   [],
   [],
   [
    4,
    11
   ],
   [
    3,
    12,
    7,
    9,
    6,
    2,
    10
   ],
   [
    5,
    13
   ],
   [
    8
   ],
   [
    1
   ]
  ],
  "runtime": "0:00:00.528000",
  "initTime": "0:00:00.023732",
  "solveTime": "0:04:59.713000",
  "solutions": 3,
  "variables": 2450,
  "propagators": 2587,
  "propagations": 2308806316,
  "nodes": 5841333,
  "failures": 2871511,
  "restarts": 9166,
  "peakDepth": 141,
  "nSolutions": 3
 }
}