{
 "gecode": {
  "restart": 45,
  "time": 300,
  "optimal": false,
  "obj": 780,
  "sol": [
   [
    23,
    2,
    27,
    10,
    26,
    18,
    25,
    15,
    24,
    47,
    21,
    16,
    20,
    33,
    29,
    1,
    28,
    36,
    22
   ],
   [
    30,
    38,
    12,
    17,
    40,
    37,
    7,
    19,
    4,
    31,
    41,
    34,
    39,
    9,
    35,
    44,
    32
   ],
   [
    45,
    42,
    11,
    3,
    6,
    43,
    46,
    8,
    5,
    13,
    14
   ]
  ],
  "runtime": "0:04:06.315000",
  "initTime": "0:00:00.017336",
  "solveTime": "0:04:59.798000",
  "variables": 2362,
  "propagators": 2437,
  "propagations": 1019553420,
  "nodes": 2244376,
  "failures": 1087047,
  "restarts": 4184,
  "peakDepth": 281,
  "nSolutions": 88
 }
}