{
 "gecode": {
  "restart": 1700,
  "time": 300,
  "optimal": false,
  "obj": 772,
  "sol": [
   [
    23,
    2,
    26,
    18,
    25,
    15,
    24,
    30,
    39,
    21,
    12,
    29,
    16,
    20,
    1,
    28,
    36,
    27,
    11,
    10,
    22
   ],
   [
    45,
    46,
    38,
    17,
    5,
    8,
    43,
    47,
    40,
    42
   ],
   [
    32,
    44,
    9,
    7,
    34,
    19,
    6,
    3,
    41,
    14,
    4,
    33,
    13,
    37,
    35,
    31
   ]
  ],
  "runtime": "0:04:53.532000",
  "initTime": "0:00:00.023263",
  "solveTime": "0:04:59.776000",
  "variables": 2362,
  "propagators": 2437,
  "propagations": 1143663595,
  "nodes": 2928036,
  "failures": 1454265,
  "restarts": 364,
  "peakDepth": 378,
  "nSolutions": 111
 }
}