{
 "gecode": {
  "restart": 10,
  "time": 300,
  "optimal": false,
  "obj": 744,
  "sol": [
   [
    23,
    2,
    26,
    14,
    28,
    1,
    29,
    33,
    20,
    16,
    18,
    24,
    47,
    21,
    12,
    15,
    25,
    27,
    10,
    22
   ],
   [
    6,
    45,
    19,
    4,
    8,
    5,
    13,
    17,
    40,
    43,
    42,
    46,
    37
   ],
   [
    9,
    32,
    41,
    31,
    11,
    35,
    3,
    39,
    36,
    7,
    34,
    44,
    38,
    30
   ]
  ],
  "runtime": "0:03:29.868000",
  "initTime": "0:00:00.018165",
  "solveTime": "0:04:59.761000",
  "variables": 2362,
  "propagators": 2437,
  "propagations": 975453716,
  "nodes": 1983483,
  "failures": 901645,
  "restarts": 14414,
  "peakDepth": 317,
  "nSolutions": 82
 }
}