{
 "gecode": {
  "restart": 750,
  "time": 300,
  "optimal": false,
  "obj": 890,
  "sol": [
   [
    23,
    2,
    21,
    30,
    32,
    44,
    28,
    14,
    26,
    16,
    25,
    15,
    24,
    39,
    20,
    33,
    22,
    11,
    27,
    31
   ],
   [
    18,
    5,
    29,
    8,
    17,
    40,
    19,
    41,
    36,
    12,
    34,
    10,
    9,
    37,
    35
   ],
   [
    45,
    13,
    4,
    1,
    47,
    43,
    6,
    3,
    42,
    46,
    38,
    7
   ]
  ],
  "runtime": "0:04:14.919000",
  "initTime": "0:00:00.018798",
  "solveTime": "0:04:59.797000",
  "variables": 2362,
  "propagators": 2437,
  "propagations": 1110556619,
  "nodes": 2458581,
  "failures": 1220618,
  "restarts": 509,
  "peakDepth": 313,
  "nSolutions": 82
 }
}