{
 "gecode": {
  "restart": 40,
  "time": 300,
  "optimal": false,
  "obj": 750,
  "sol": [
   [
    23,
    15,
    25,
    26,
    16,
    28,
    36,
    24,
    47,
    21,
    38,
    12,
    20,
    1,
    29,
    18,
    22,
    10,
    27,
    31
   ],
   [
    45,
    6,
    3,
    42,
    46,
    43,
    9,
    41,
    14,
    4,
    13,
    40,
    17
   ],
   [
    39,
    34,
    11,
    32,
    44,
    37,
    33,
    8,
    5,
    30,
    2,
    19,
    7,
    35
   ]
  ],
  "runtime": "0:03:08.310000",
  "initTime": "0:00:00.019231",
  "solveTime": "0:04:59.778000",
  "variables": 2362,
  "propagators": 2437,
  "propagations": 988145792,
  "nodes": 2342300,
  "failures": 1133321,
  "restarts": 4968,
  "peakDepth": 309,
  "nSolutions": 106
 }
}