{
 "gecode": {
  "time": 300,
  "optimal": "False",
  "obj": 816,
  "sol": [
   [
    31,
    1,
    14,
    28,
    5,
    29,
    7,
    37,
    4,
    2,
    30,
    10,
    34,
    45,
    6,
    11,
    22,
    3,
    27,
    9
   ],
   [
    32,
    39,
    43,
    42,
    35,
    18,
    40,
    38,
    24,
    17,
    25,
    19,
    20
   ],
   [
    44,
    13,
    33,
    26,
    16,
    36,
    23,
    12,
    47,
    21,
    46,
    15,
    8,
    41
   ]
  ],
  "runtime": "0:04:47.470000",
  "initTime": "0:00:00.024320",
  "solveTime": "0:04:59.769000",
  "variables": 2697,
  "propagators": 2770,
  "propagations": 1051251750,
  "nodes": 3942394,
  "failures": 1777953,
  "restarts": 3696,
  "peakDepth": 433,
  "nSolutions": 116
 }
}