{
 "gecode": {
  "time": 300,
  "optimal": "False",
  "obj": 488,
  "sol": [
   [
    31,
    14,
    28,
    16,
    29,
    5,
    8,
    13,
    33,
    20,
    1,
    4,
    19,
    22,
    45,
    10,
    34
   ],
   [
    41,
    46,
    42,
    43,
    38,
    21,
    47,
    40,
    25,
    23,
    36,
    39
   ],
   [
    37,
    7,
    27,
    3,
    6,
    11,
    35,
    9,
    30,
    12,
    24,
    2,
    15,
    17,
    18,
    26,
    32,
    44
   ]
  ],
  "runtime": "0:02:21.468000",
  "initTime": "0:00:00.018814",
  "solveTime": "0:04:59.806000",
  "variables": 2697,
  "propagators": 2770,
  "propagations": 267488883,
  "nodes": 1961710,
  "failures": 552425,
  "restarts": 777504,
  "peakDepth": 404,
  "nSolutions": 92
 }
}