{
 "gecode": {
  "time": 300,
  "optimal": "False",
  "obj": 650,
  "sol": [
   [
    32,
    44,
    21,
    12,
    40,
    23,
    2,
    36,
    26,
    29,
    1,
    41,
    7,
    35,
    10,
    27,
    45,
    22,
    31
   ],
   [
    9,
    24,
    47,
    30,
    18,
    15,
    38,
    25,
    17,
    13,
    33,
    8,
    5,
    20
   ],
   [
    34,
    3,
    6,
    11,
    28,
    14,
    19,
    4,
    16,
    39,
    43,
    42,
    46,
    37
   ]
  ],
  "runtime": "0:00:47.153000",
  "initTime": "0:00:00.021851",
  "solveTime": "4:40:23.599999",
  "variables": 2694,
  "propagators": 2764,
  "propagations": 1260057529,
  "nodes": 7540909,
  "failures": 3765902,
  "restarts": 99,
  "peakDepth": 149,
  "nSolutions": 82
 }
}