{
 "gecode": {
  "time": 300,
  "optimal": "False",
  "obj": 570,
  "sol": [
   [
    31,
    28,
    14,
    1,
    29,
    8,
    5,
    40,
    39,
    9,
    46,
    42,
    3,
    6,
    11,
    34,
    37,
    35,
    32,
    44
   ],
   [
    41,
    36,
    45,
    10,
    19,
    20,
    16,
    26,
    18,
    17,
    15,
    38,
    47,
    43
   ],
   [
    7,
    27,
    22,
    4,
    33,
    13,
    25,
    2,
    30,
    24,
    21,
    12,
    23
   ]
  ],
  "runtime": "0:03:48.851000",
  "initTime": "0:00:00.023002",
  "solveTime": "0:04:59.784000",
  "variables": 2362,
  "propagators": 2437,
  "propagations": 375583579,
  "nodes": 1009902,
  "failures": 482832,
  "restarts": 539944,
  "peakDepth": 152,
  "nSolutions": 104
 }
}