{
 "gecode": {
  "restart": 100,
  "time": 300,
  "optimal": false,
  "obj": 772,
  "sol": [
   [
    23,
    2,
    20,
    33,
    26,
    18,
    28,
    14,
    25,
    15,
    24,
    12,
    21,
    47,
    22,
    10,
    27,
    32,
    44
   ],
   [
    17,
    40,
    30,
    31,
    11,
    34,
    7,
    35,
    37,
    19,
    4,
    29,
    16,
    39,
    36,
    41
   ],
   [
    45,
    3,
    6,
    13,
    8,
    1,
    5,
    38,
    43,
    42,
    46,
    9
   ]
  ],
  "runtime": "0:04:42.876000",
  "initTime": "0:00:00.022846",
  "solveTime": "0:04:59.752000",
  "variables": 2362,
  "propagators": 2437,
  "propagations": 1178410282,
  "nodes": 2919268,
  "failures": 1434125,
  "restarts": 2684,
  "peakDepth": 334,
  "nSolutions": 116
 }
}