{
 "gecode": {
  "time": 300,
  "optimal": "False",
  "obj": 323,
  "sol": [
   [],
   [
    4,
    6,
    5
   ],
   [],
   [
    8
   ],
   [
    12,
    10
   ],
   [
    7,
    2
   ],
   [
    9,
    11
   ],
   [
    3,
    13
   ],
   [],
   [
    1
   ]
  ],
  "runtime": "0:00:02.755000",
  "initTime": "0:00:00.021911",
  "solveTime": "0:04:59.804000",
  "variables": 2739,
  "propagators": 2870,
  "propagations": 18497216,
  "nodes": 55245,
  "failures": 22098,
  "restarts": 1391396,
  "peakDepth": 217,
  "nSolutions": 7
 }
}