{
 "gecode": {
  "time": 8,
  "optimal": true,
  "obj": 244,
  "sol": [
   [
    12
   ],
   [
    7,
    3,
    5
   ],
   [],
   [],
   [
    6,
    9
   ],
   [
    2,
    11
   ],
   [
    8,
    4
   ],
   [
    13
   ],
   [
    10
   ],
   [
    1
   ]
  ],
  "runtime": "0:00:07.812000",
  "initTime": "0:00:00.025374",
  "solveTime": "0:00:07.459130",
  "variables": 2739,
  "propagators": 2870,
  "propagations": 37576765,
  "nodes": 123646,
  "failures": 43578,
  "restarts": 452,
  "peakDepth": 217,
  "nSolutions": 8
 }
}