{
 "gecode": {
  "restart": 1000,
  "time": 300,
  "optimal": false,
  "obj": 1204,
  "sol": [
   [
    23,
    2,
    20,
    1,
    15,
    30,
    38,
    26,
    21,
    12,
    24,
    47,
    28,
    14,
    25,
    36,
    29,
    5,
    27,
    10,
    19,
    22
   ],
   [
    8,
    34,
    6,
    37,
    42,
    40,
    33,
    7,
    18,
    31,
    17,
    35,
    44,
    11,
    32
   ],
   [
    13,
    45,
    16,
    4,
    43,
    3,
    39,
    46,
    9,
    41
   ]
  ],
  "runtime": "0:00:02.470000",
  "initTime": "0:00:00.025963",
  "solveTime": "0:04:59.704000",
  "variables": 2362,
  "propagators": 2437,
  "propagations": 819203814,
  "nodes": 1781794,
  "failures": 886935,
  "restarts": 288,
  "peakDepth": 164,
  "nSolutions": 33
 }
}