{
 "gecode": {
  "time": 300,
  "optimal": "False",
  "obj": 188,
  "sol": [
   [],
   [],
   [
    4,
    2,
    5
   ],
   [],
   [
    3,
    10,
    6
   ],
   [
    7,
    8
   ],
   [
    1
   ],
   [
    9
   ]
  ],
  "runtime": "0:00:00.478000",
  "initTime": "0:00:00.054458",
  "solveTime": "0:04:59.833000",
  "variables": 1753,
  "propagators": 1843,
  "propagations": 9672639,
  "nodes": 168260,
  "failures": 100941,
  "restarts": 2321668,
  "peakDepth": 244,
  "nSolutions": 10
 }
}