{
 "gecode": {
  "restart": 15,
  "time": 300,
  "optimal": false,
  "obj": 796,
  "sol": [
   [
    23,
    2,
    26,
    18,
    25,
    15,
    24,
    12,
    30,
    47,
    21,
    36,
    22,
    10,
    28,
    1,
    20,
    16,
    27,
    31
   ],
   [
    44,
    11,
    6,
    45,
    42,
    39,
    41,
    46,
    43,
    38,
    40,
    17,
    13,
    5
   ],
   [
    7,
    34,
    3,
    37,
    14,
    32,
    9,
    19,
    29,
    8,
    33,
    4,
    35
   ]
  ],
  "runtime": "0:04:43.197000",
  "initTime": "0:00:00.020214",
  "solveTime": "0:04:59.767000",
  "variables": 2362,
  "propagators": 2437,
  "propagations": 940169863,
  "nodes": 2076189,
  "failures": 975083,
  "restarts": 10047,
  "peakDepth": 297,
  "nSolutions": 67
 }
}