{
 "gecode": {
  "time": 17,
  "optimal": true,
  "obj": 322,
  "sol": [
   [],
   [
    8,
    4,
    7
   ],
   [
    2,
    5
   ],
   [],
   [
    6,
    1
   ],
   [
    3
   ]
  ],
  "runtime": "0:00:00.295000",
  "initTime": "0:00:00.039846",
  "solveTime": "0:00:16.654000",
  "solutions": 2,
  "variables": 989,
  "propagators": 1069,
  "propagations": 107645874,
  "nodes": 506579,
  "failures": 249083,
  "restarts": 1026,
  "peakDepth": 62,
  "nSolutions": 2
 }
}