{
 "gecode": {
  "time": 300,
  "optimal": "False",
  "obj": 493,
  "sol": [
   [
    95
   ],
   [
    88
   ],
   [
    37,
    13
   ],
   [
    65,
    85,
    66,
    80,
    39,
    64,
    92,
    81,
    69,
    72,
    70,
    87
   ],
   [
    94,
    93
   ],
   [
    86
   ],
   [
    68,
    12,
    73,
    11
   ],
   [
    53,
    56,
    24,
    50,
    10,
    16,
    62,
    60,
    45,
    61,
    52,
    54,
    57
   ],
   [
    35,
    31,
    4,
    8,
    63,
    77,
    79,
    71,
    36,
    78,
    33,
    32
   ],
   [
    91
   ],
   [
    82,
    76
   ],
   [
    47,
    14,
    23,
    21,
    25,
    55,
    44,
    17,
    9,
    20,
    38,
    43
   ],
   [
    18,
    2,
    48,
    51,
    30,
    49,
    34,
    15,
    46,
    26,
    41,
    1
   ],
   [
    90
   ],
   [
    83,
    67
   ],
   [
    22,
    58,
    27,
    19,
    7,
    6,
    42
   ],
   [
    89
   ],
   [
    84
   ],
   [
    59,
    40
   ],
   [
    74,
    5,
    29,
    28,
    75,
    3
   ]
  ],
  "runtime": "0:04:44.705000",
  "initTime": "0:00:00.349776",
  "solveTime": "0:04:58.106000",
  "variables": 31160,
  "propagators": 31675,
  "propagations": 43482030,
  "nodes": 197929,
  "failures": 6072,
  "restarts": 28508,
  "peakDepth": 2067,
  "nSolutions": 100
 }
}