{
 "gecode": {
  "restart": 350,
  "time": 300,
  "optimal": false,
  "obj": 822,
  "sol": [
   [
    29,
    8,
    31,
    37,
    7,
    45,
    34,
    10,
    33,
    36,
    20,
    16,
    5,
    18,
    32
   ],
   [
    23,
    15,
    25,
    44,
    24,
    40,
    26,
    2,
    28,
    4,
    21,
    12,
    30,
    9,
    22,
    11,
    27
   ],
   [
    41,
    35,
    3,
    6,
    39,
    43,
    46,
    42,
    38,
    47,
    17,
    13,
    19,
    1,
    14
   ]
  ],
  "runtime": "0:04:34.907000",
  "initTime": "0:00:00.017613",
  "solveTime": "0:04:59.796000",
  "variables": 2362,
  "propagators": 2437,
  "propagations": 1124539716,
  "nodes": 2461694,
  "failures": 1220316,
  "restarts": 851,
  "peakDepth": 231,
  "nSolutions": 75
 }
}