{
 "gecode": {
  "restart": 1900,
  "time": 300,
  "optimal": false,
  "obj": 916,
  "sol": [
   [
    37,
    10,
    21,
    12,
    47,
    30,
    39,
    32,
    44,
    45,
    29,
    15,
    33,
    20,
    18,
    34,
    11,
    36
   ],
   [
    24,
    9,
    35,
    3,
    26,
    5,
    27,
    6,
    22,
    7,
    28,
    4,
    23,
    2,
    25,
    31
   ],
   [
    1,
    14,
    41,
    16,
    8,
    13,
    40,
    17,
    38,
    43,
    46,
    42,
    19
   ]
  ],
  "runtime": "0:03:56.890000",
  "initTime": "0:00:00.021212",
  "solveTime": "0:04:59.760000",
  "variables": 2362,
  "propagators": 2437,
  "propagations": 1264150618,
  "nodes": 3414220,
  "failures": 1699986,
  "restarts": 329,
  "peakDepth": 334,
  "nSolutions": 75
 }
}