{
 "gecode": {
  "time": 300,
  "optimal": "False",
  "obj": 167,
  "sol": [
   [
    8,
    5,
    9,
    15
   ],
   [
    3,
    10
   ],
   [
    2,
    12
   ],
   [
    11,
    4,
    14
   ],
   [
    13,
    7,
    17
   ],
   [
    1,
    16,
    6
   ]
  ],
  "runtime": "0:00:48.872000",
  "initTime": "0:00:00.057795",
  "solveTime": "0:04:59.802000",
  "solutions": 48,
  "variables": 1852,
  "propagators": 1939,
  "propagations": 1924224210,
  "nodes": 10387353,
  "failures": 5192107,
  "restarts": 0,
  "peakDepth": 175,
  "nSolutions": 48
 }
}