{
 "gecode": {
  "time": 300,
  "optimal": "False",
  "obj": 167,
  "sol": [
   [
    8,
    5,
    9,
    15
   ],
   [
    3,
    10
   ],
   [
    2,
    12
   ],
   [
    11,
    4,
    14
   ],
   [
    13,
    7,
    17
   ],
   [
    1,
    16,
    6
   ]
  ],
  "runtime": "0:00:55.146000",
  "initTime": "0:00:00.066048",
  "solveTime": "0:04:59.755000",
  "solutions": 48,
  "variables": 1852,
  "propagators": 1939,
  "propagations": 1604448194,
  "nodes": 8798795,
  "failures": 4397827,
  "restarts": 0,
  "peakDepth": 175,
  "nSolutions": 48
 }
}