{
 "gecode": {
  "time": 300,
  "optimal": "False",
  "obj": 211,
  "sol": [
   [
    13,
    11,
    10,
    16
   ],
   [],
   [
    17
   ],
   [
    6,
    2,
    5,
    9
   ],
   [
    12,
    1,
    4,
    14,
    7,
    3,
    8
   ],
   [
    15
   ]
  ],
  "runtime": "0:04:40.327000",
  "initTime": "0:00:00.053664",
  "solveTime": "0:04:59.740000",
  "solutions": 101,
  "variables": 1852,
  "propagators": 1939,
  "propagations": 1821525886,
  "nodes": 17112423,
  "failures": 8553028,
  "restarts": 0,
  "peakDepth": 186,
  "nSolutions": 101
 }
}