{
 "gecode": {
  "time": 300,
  "optimal": "False",
  "obj": 186,
  "sol": [
   [
    12,
    13,
    7,
    3,
    16,
    6
   ],
   [],
   [
    17
   ],
   [
    11,
    1,
    4,
    14,
    10
   ],
   [
    8,
    2,
    5,
    9
   ],
   [
    15
   ]
  ],
  "runtime": "0:03:12.608000",
  "initTime": "0:00:00.053048",
  "solveTime": "0:04:59.789000",
  "solutions": 106,
  "variables": 1852,
  "propagators": 1939,
  "propagations": 1744725941,
  "nodes": 14600289,
  "failures": 7296724,
  "restarts": 0,
  "peakDepth": 187,
  "nSolutions": 106
 }
}