{
 "gecode": {
  "time": 300,
  "optimal": "False",
  "obj": 167,
  "sol": [
   [
    11,
    3,
    7
   ],
   [
    16,
    14
   ],
   [
    8,
    6,
    10
   ],
   [
    15,
    12,
    1,
    4
   ],
   [
    17,
    2,
    13
   ],
   [
    5,
    9
   ]
  ],
  "runtime": "0:00:02.215000",
  "initTime": "0:00:00.051010",
  "solveTime": "0:04:59.741000",
  "solutions": 47,
  "variables": 1852,
  "propagators": 1939,
  "propagations": 1209374515,
  "nodes": 6048546,
  "failures": 2967897,
  "restarts": 9486,
  "peakDepth": 173,
  "nSolutions": 47
 }
}