{
 "gecode": {
  "time": 300,
  "optimal": "False",
  "obj": 344,
  "sol": [
   [],
   [],
   [
    17
   ],
   [
    11,
    12,
    13,
    14,
    15,
    16
   ],
   [
    9,
    4,
    1,
    2,
    7,
    3,
    8,
    10
   ],
   [
    5,
    6
   ]
  ],
  "runtime": "0:01:51.082000",
  "initTime": "0:00:00.052088",
  "solveTime": "0:04:59.785000",
  "solutions": 84,
  "variables": 1852,
  "propagators": 1939,
  "propagations": 1979198006,
  "nodes": 13160595,
  "failures": 6577635,
  "restarts": 0,
  "peakDepth": 176,
  "nSolutions": 84
 }
}