{
 "gecode": {
  "time": 300,
  "optimal": "False",
  "obj": 344,
  "sol": "[[18], [18], [17], [11, 12, 13, 14, 15, 16], [9, 4, 1, 2, 7, 3, 8, 10], [5, 6]]",
  "runtime": "0:01:52.735000",
  "initTime": "0:00:00.046717",
  "solveTime": "0:04:59.782000",
  "solutions": 84,
  "variables": 1852,
  "propagators": 1939,
  "propagations": 1905005294,
  "nodes": 12668718,
  "failures": 6331696,
  "restarts": 0,
  "peakDepth": 176,
  "nSolutions": 84
 }
}