{
 "gecode": {
  "time": 15,
  "optimal": true,
  "obj": 167,
  "sol": [
   [
    8,
    17,
    16,
    10
   ],
   [
    5,
    12,
    11
   ],
   [
    15,
    6,
    3
   ],
   [
    9,
    13,
    7
   ],
   [
    1,
    4,
    14
   ],
   [
    2
   ]
  ],
  "runtime": "0:00:15.503000",
  "initTime": "0:00:00.059263",
  "solveTime": "0:00:15.220000",
  "variables": 1846,
  "propagators": 1930,
  "propagations": 128554898,
  "nodes": 396446,
  "failures": 192624,
  "restarts": 916,
  "peakDepth": 194,
  "nSolutions": 24
 }
}