{
 "gecode": {
  "time": 300,
  "optimal": "False",
  "obj": 167,
  "sol": [
   [
    8,
    17,
    16,
    10
   ],
   [
    5,
    12,
    11
   ],
   [
    15,
    6,
    3
   ],
   [
    9,
    13,
    7
   ],
   [
    1,
    4,
    14
   ],
   [
    2
   ]
  ],
  "runtime": "0:00:16.842000",
  "initTime": "0:00:00.036789",
  "solveTime": "0:04:59.769000",
  "variables": 1846,
  "propagators": 1930,
  "propagations": 1638087265,
  "nodes": 6754676,
  "failures": 3323464,
  "restarts": 10696,
  "peakDepth": 194,
  "nSolutions": 24
 }
}