{
 "gecode": {
  "restart": 20,
  "time": 300,
  "optimal": false,
  "obj": 762,
  "sol": [
   [
    23,
    30,
    24,
    47,
    21,
    38,
    26,
    36,
    28,
    1,
    29,
    16,
    20,
    4,
    18,
    25,
    15,
    22,
    10,
    27
   ],
   [
    7,
    37,
    33,
    13,
    8,
    5,
    17,
    19,
    14,
    34,
    32,
    44,
    35,
    9,
    31
   ],
   [
    3,
    45,
    11,
    6,
    41,
    42,
    39,
    2,
    46,
    40,
    43,
    12
   ]
  ],
  "runtime": "0:04:17.083000",
  "initTime": "0:00:00.023734",
  "solveTime": "0:04:59.671000",
  "variables": 2362,
  "propagators": 2437,
  "propagations": 996530932,
  "nodes": 2421334,
  "failures": 1150001,
  "restarts": 8541,
  "peakDepth": 306,
  "nSolutions": 96
 }
}