{
 "gecode": {
  "time": 300,
  "optimal": "False",
  "obj": 15,
  "sol": [
   [
    3,
    6,
    4
   ],
   [
    1,
    2,
    5
   ]
  ],
  "runtime": "0:00:00.405000",
  "initTime": "0:00:00.002716",
  "solveTime": "0:04:59.864000",
  "variables": 296,
  "propagators": 317,
  "propagations": 4552465,
  "nodes": 314604,
  "failures": 208797,
  "restarts": 16413480,
  "peakDepth": 17,
  "nSolutions": 2
 }
}